Number,Model,Color,Species
de 868,2021,white,KTM
cz 256,2022,white,Kwaski
wc 496,2020,Red,Hornet
qs 2377,2013,Black,Bullet
de 868,2021,white,shine
cz 256,2022,white,jupiter
wc 496,2020,Red,activa
qs 2377,2013,Black,platina
de 868,2021,white,KTM
cz 256,2022,white,discover
wc 496,2020,Red,Hornet
qs 2377,2013,Black,passion
de 868,2021,white,KTM
cz 256,2022,white,Kwaski
wc 496,2020,Red,Hornet
qs 2377,2013,Black,Bullet
de 868,2021,white,java
cz 256,2022,white,Kwaski
wc 496,2020,Red,Hornet
qs 2377,2013,Black,Bullet